Epoch,Training Loss,Validation Loss
1,1.468423326864111,1.4811887259858332
2,1.4776812215799477,1.4813491494345652
3,1.4777117073838621,1.4813491494345652
4,1.4777322931151329,1.4813491494345652
5,1.4776300361829224,1.4813491494345652
