Epoch,Training Loss,Validation Loss
1,2.2111266018756224,2.21189398848537
2,2.211126637645831,2.211893985250828
3,2.2111264312182697,2.211893982063163
4,2.211125144143877,2.2118939786879883
5,2.211122137884796,2.211893975312814
